{"train/loss": 0.5297, "train/grad_norm": 2.6807382106781006, "train/learning_rate": 0.0, "train/epoch": 4.0, "train/global_step": 4, "_timestamp": 1719013703.5007966, "_runtime": 19.45860767364502, "_step": 4, "train_runtime": 20.4868, "train_samples_per_second": 0.976, "train_steps_per_second": 0.195, "total_flos": 121186377793536.0, "train_loss": 0.7376794517040253, "_wandb": {"runtime": 20}}