{"train/loss": 1.1936, "train/grad_norm": 3.406169891357422, "train/learning_rate": 0.0, "train/epoch": 2.3703703703703702, "train/global_step": 4, "_timestamp": 1719008655.2384095, "_runtime": 25.336732625961304, "_step": 4, "train_runtime": 26.575, "train_samples_per_second": 4.064, "train_steps_per_second": 0.151, "total_flos": 872372051640320.0, "train_loss": 1.8286516517400742, "_wandb": {"runtime": 26}}